t (min), response (%)
0,0.0018
0.01,0.0044
0.02,0.0088
0.03,0.0096
0.04,0.0122
0.05,0.0148
0.06,0.0124
0.07,0.0136
0.08,0.0118
0.09,0.0032
0.1,0.013
0.11,0.0084
0.12,0.0048
0.13,0.0054
0.14,0.002
0.15,0.0018
0.16,0.015
0.17,0.0186
0.18,0.0044
0.19,0.0112
0.2,0.019
0.21,0.0156
0.22,0.016
0.23,0.0118
0.24,0.0188
0.25,0.0038
0.26,0.0042
0.27,0.0082
0.28,0.009
0.29,0.0178
0.3,0.0128
0.31,0.007
0.32,0.0144
0.33,0.0134
0.34,0.004
0.35,0.0076
0.36,0.0154
0.37,0.0128
0.38,0.0046
0.39,0.018
0.4,0.0096
0.41,0.0178
0.42,0.0018
0.43,0.0052
0.44,0.0002
0.45,0.0172
0.46,0.0126
0.47,0.006
0.48,0.0018
0.49,0.0106
0.5,0.005
0.51,0.0048
0.52,0.016
0.53,0.0168
0.54,0.0004
0.55,0.0172
0.56,0.0008
0.57,0.0118
0.58,0.004
0.59,0.0098
0.6,0.012
0.61,0.006
0.62,0.0044
0.63,0.0164
0.64,0.0102
0.65,0.0118
0.66,0.0156
0.67,0.0028
0.68,0.0038
0.69,0.011
0.7,0.0166
0.71,0.0178
0.72,0.0098
0.73,0.0082
0.74,0.0096
0.75,0.0174
0.76,0.0112
0.77,0.0188
0.78,0.0122
0.79,0.004
0.8,0.0132
0.81,0.0056
0.82,0.0198
0.83,0.0188
0.84,0.004
0.85,0.0084
0.86,0.0136
0.87,0.0142
0.88,0.0164
0.89,0.0038
0.9,0.016
0.91,0.0092
0.92,0.017
0.93,0.0092
0.94,0.0076
0.95,0.0112
0.96,0.0088
0.97,0.0196
0.98,0.0112
0.99,0.012
1,0.009
1.01,0.0086
1.02,0.0172
1.03,0.0174
1.04,0.0148
1.05,0.001
1.06,0.0018
1.07,0.015
1.08,0.0038
1.09,0.0018
1.1,0.0156
1.11,0.0022
1.12,0.006
1.13,0.0084
1.14,0.0098
1.15,0.0176
1.16,0.0198
1.17,0.0144
1.18,0.0028
1.19,0.0086
1.2,0.0148
1.21,0.007
1.22,0.0114
1.23,0.02
1.24,0.015
1.25,0.0178
1.26,0.0038
1.27,0.0008
1.28,0.0154
1.29,0.0082
1.3,0.0004
1.31,0.0118
1.32,0.012
1.33,0.0124
1.34,0.0028
1.35,0.0034
1.36,0.0058
1.37,0.0066
1.38,0.0096
1.39,0.0154
1.4,0.0012
1.41,0.0038
1.42,0.0102
1.43,0.0188
1.44,0.009
1.45,0.01
1.46,0.0046
1.47,0.0144
1.48,0.016
1.49,0.015
1.5,0.0052
1.51,0.0176
1.52,0.0104
1.53,0.017
1.54,0.0006
1.55,0.001
1.56,0.0128
1.57,0.02
1.58,0.0162
1.59,0.0128
1.6,0.0124
1.61,0.0194
1.62,0.018
1.63,0.0008
1.64,0.014
1.65,0.0162
1.66,0.009
1.67,0.0074
1.68,0.0074
1.69,0.0064
1.7,0.0152
1.71,0.0014
1.72,0.017
1.73,0.004
1.74,0.013
1.75,0.014600001
1.76,0.004200001
1.77,0.017400001
1.78,0.009800002
1.79,0.009000003
1.8,0.005800005
1.81,0.004000008
1.82,0.004200012
1.83,0.001200019
1.84,0.004000028
1.85,0.016200042
1.86,0.020000062
1.87,0.009400092
1.88,0.017400135
1.89,0.012000197
1.9,0.001800285
1.91,0.017400411
1.92,0.01780059
1.93,0.012800841
1.94,0.006801192
1.95,0.01280168
1.96,0.017202355
1.97,0.016003282
1.98,0.018404547
1.99,0.006206265
2,0.013208583
2.01,0.013811693
2.02,0.003215839
2.03,0.002221333
2.04,0.006428572
2.05,0.007438051
2.06,0.01105039
2.07,0.008066355
2.08,0.00968689
2.09,0.005313142
2.1,0.005346502
2.11,0.012388641
2.12,0.011441548
2.13,0.012907575
2.14,0.012389478
2.15,0.018690461
2.16,0.018814217
2.17,0.017364962
2.18,0.013147468
2.19,0.006767085
2.2,0.011029748
2.21,0.016341979
2.22,0.002510859
2.23,0.009943994
2.24,0.008849448
2.25,0.023635658
2.26,0.006311316
2.27,0.008285232
2.28,0.007366164
2.29,0.019362627
2.3,0.018282672
2.31,0.018933654
2.32,0.017121979
2.33,0.025452842
2.34,0.031929972
2.35,0.03135537
2.36,0.018929079
2.37,0.030448968
2.38,0.028110555
2.39,0.037506876
2.4,0.037028403
2.41,0.033663023
2.42,0.044396082
2.43,0.052410497
2.44,0.049286934
2.45,0.045204061
2.46,0.054538852
2.47,0.056866962
2.48,0.065363139
2.49,0.071401676
2.5,0.072556891
2.51,0.059603612
2.52,0.072917657
2.53,0.066676301
2.54,0.065858704
2.55,0.076846296
2.56,0.076223104
2.57,0.081176014
2.58,0.074494959
2.59,0.086773031
2.6,0.078606516
2.61,0.087594854
2.62,0.085140522
2.63,0.081048862
2.64,0.082527839
2.65,0.086787766
2.66,0.083040982
2.67,0.09070151
2.68,0.082584703
2.69,0.072506887
2.7,0.07908501
2.71,0.080136309
2.72,0.084078005
2.73,0.083927024
2.74,0.069899758
2.75,0.069611857
2.76,0.06967807
2.77,0.062512117
2.78,0.075326606
2.79,0.068532977
2.8,0.06294149
2.81,0.064961229
2.82,0.060800148
2.83,0.057265116
2.84,0.063162003
2.85,0.051695759
2.86,0.051270513
2.87,0.042489678
2.88,0.059356058
2.89,0.049871952
2.9,0.052839265
2.91,0.040059613
2.92,0.042534419
2.93,0.051465015
2.94,0.049252728
2.95,0.040498963
2.96,0.045405279
2.97,0.028973455
2.98,0.042605547
2.99,0.027703929
3,0.042871332
3.01,0.043510858
3.02,0.034425986
3.03,0.039620558
3.04,0.026498752
3.05,0.040065029
3.06,0.026324068
3.07,0.035680674
3.08,0.033139674
3.09,0.022105789
3.1,0.027383493
3.11,0.030976852
3.12,0.02748936
3.13,0.026323763
3.14,0.039281882
3.15,0.027964442
3.16,0.031170906
3.17,0.027499335
3.18,0.042146254
3.19,0.033706567
3.2,0.047973489
3.21,0.045738527
3.22,0.040391499
3.23,0.049120601
3.24,0.050712517
3.25,0.055752577
3.26,0.038824959
3.27,0.044712921
3.28,0.042199078
3.29,0.062865693
3.3,0.050294996
3.31,0.058269502
3.32,0.058972333
3.33,0.059987526
3.34,0.062100323
3.35,0.057097431
3.36,0.067367247
3.37,0.061100034
3.38,0.066288059
3.39,0.063525675
3.4,0.069409352
3.41,0.063537663
3.42,0.065911215
3.43,0.058332542
3.44,0.060405958
3.45,0.061137377
3.46,0.07333411
3.47,0.075404645
3.48,0.063558416
3.49,0.069805567
3.5,0.072556723
3.51,0.066222776
3.52,0.053014671
3.53,0.054543228
3.54,0.053218979
3.55,0.059452023
3.56,0.05025192
3.57,0.050227596
3.58,0.057187284
3.59,0.053738478
3.6,0.043887919
3.61,0.060441585
3.62,0.039404713
3.63,0.044181821
3.64,0.056776747
3.65,0.039592695
3.66,0.048032284
3.67,0.035697604
3.68,0.050790269
3.69,0.039911474
3.7,0.041462043
3.71,0.036842487
3.72,0.045453043
3.73,0.043293723
3.74,0.039164349
3.75,0.026664591
3.76,0.025793994
3.77,0.036952007
3.78,0.031938006
3.79,0.027951311
3.8,0.022391202
3.81,0.026456937
3.82,0.038347756
3.83,0.037062895
3.84,0.025201592
3.85,0.01836309
3.86,0.035946644
3.87,0.022551522
3.88,0.01957701
3.89,0.01742241
3.9,0.016887045
3.91,0.028570256
3.92,0.025871405
3.93,0.025989873
3.94,0.031725063
3.95,0.012876395
3.96,0.01604331
3.97,0.023825268
3.98,0.024221747
3.99,0.021832243
4,0.018256268
4.01,0.021493352
4.02,0.029143042
4.03,0.0110049
4.04,0.027478502
4.05,0.011763441
4.06,0.022459322
4.07,0.013365766
4.08,0.008082404
4.09,0.024208882
4.1,0.01074486
4.11,0.009290005
4.12,0.009244
4.13,0.009206538
4.14,0.021977321
4.15,0.007156062
4.16,0.006142486
4.17,0.023336325
4.18,0.007137322
4.19,0.023145228
4.2,0.015559802
4.21,0.010180814
4.22,0.017608039
4.23,0.010041262
4.24,0.019480274
4.25,0.023524875
4.26,0.015374871
4.27,0.021830075
4.28,0.005490306
4.29,0.004955391
4.3,0.015625163
4.31,0.02329946
4.32,0.00897813
4.33,0.022661024
4.34,0.021948003
4.35,0.009238933
4.36,0.005333691
4.37,0.014832164
4.38,0.009534248
4.39,0.006239856
4.4,0.006148917
4.41,0.008061383
4.42,0.019577234
4.43,0.018896487
4.44,0.005219206
4.45,0.005745514
4.46,0.007475613
4.47,0.004809805
4.48,0.009948517
4.49,0.017892338
4.5,0.020642062
4.51,0.012398735
4.52,0.019163718
4.53,0.003538764
4.54,0.017326098
4.55,0.012928527
4.56,0.002949547
4.57,0.004393483
4.58,0.002265633
4.59,0.011172435
4.6,0.005321642
4.61,0.019522515
4.62,0.020986016
4.63,0.020125008
4.64,0.01115445
4.65,0.008891582
4.66,0.015956077
4.67,0.00837017
4.68,0.020358736
4.69,0.014949298
4.7,0.010571976
4.71,0.022459323
4.72,0.026246075
4.73,0.023368772
4.74,0.026465249
4.75,0.031973999
4.76,0.038333389
4.77,0.036380744
4.78,0.035951304
4.79,0.046077061
4.8,0.058785517
4.81,0.051298372
4.82,0.06643019
4.83,0.073387087
4.84,0.076565479
4.85,0.098350957
4.86,0.092317322
4.87,0.104625853
4.88,0.127824841
4.89,0.126449444
4.9,0.141221889
4.91,0.154052058
4.92,0.166238459
4.93,0.185469581
4.94,0.183225623
4.95,0.195980559
4.96,0.208404493
4.97,0.231166236
4.98,0.241736042
4.99,0.249588416
5,0.251204897
5.01,0.252676744
5.02,0.271907415
5.03,0.260014779
5.04,0.279532966
5.05,0.269813804
5.06,0.270227802
5.07,0.27096464
5.08,0.272433162
5.09,0.274660876
5.1,0.266892997
5.11,0.265591058
5.12,0.26683116
5.13,0.262301924
5.14,0.247902213
5.15,0.248138717
5.16,0.234723473
5.17,0.214171392
5.18,0.220197885
5.19,0.204716629
5.2,0.189237551
5.21,0.174865048
5.22,0.176696503
5.23,0.157221082
5.24,0.143718853
5.25,0.141660192
5.26,0.129905483
5.27,0.117905078
5.28,0.106499493
5.29,0.107319806
5.3,0.09198822
5.31,0.096318757
5.32,0.085518042
5.33,0.075386148
5.34,0.059917468
5.35,0.069301591
5.36,0.049924145
5.37,0.056967609
5.38,0.046612062
5.39,0.055235861
5.4,0.036816256
5.41,0.036329917
5.42,0.045353389
5.43,0.03966347
5.44,0.03823752
5.45,0.020053698
5.46,0.031491153
5.47,0.023930145
5.48,0.032552135
5.49,0.026339831
5.5,0.026277199
5.51,0.021949453
5.52,0.022143028
5.53,0.024045525
5.54,0.01944566
5.55,0.021533197
5.56,0.022298878
5.57,0.02073435
5.58,0.019832099
5.59,0.012785373
5.6,0.005588123
5.61,0.009634931
5.62,0.006520954
5.63,0.009041869
5.64,0.011593817
5.65,0.008973361
5.66,0.006177438
5.67,0.004403321
5.68,0.017648583
5.69,0.003511066
5.7,0.004788851
5.71,0.009080232
5.72,0.019383693
5.73,0.007897886
5.74,0.008421613
5.75,0.016353811
5.76,0.009893534
5.77,0.006039942
5.78,0.004792291
5.79,0.002349917
5.8,0.009912232
5.81,0.010278712
5.82,0.003248894
5.83,0.013422366
5.84,0.01739876
5.85,0.004177751
5.86,0.012759051
5.87,0.001142402
5.88,0.014127576
5.89,0.002314371
5.9,0.011302606
5.91,0.004092122
5.92,0.012482777
5.93,0.007074444
5.94,0.019267012
5.95,0.00606038
5.96,0.01845446
5.97,0.006449174
5.98,0.000844451
5.99,0.01924023
6,0.018036455
6.01,0.016433077
6.02,0.009630053
6.03,0.017627344
6.04,0.013224916
6.05,0.018422737
6.06,0.010420782
6.07,0.018819024
6.08,0.006617444
6.09,0.019416021
6.1,0.00821474
6.11,0.001813584
6.12,0.01801254
6.13,0.004211597
6.14,0.003610743
6.15,0.00220997
6.16,0.007209268
6.17,0.019608631
6.18,0.015608051
6.19,0.017607522
6.2,0.00620704
6.21,0.0142066
6.22,0.009806196
6.23,0.015805826
6.24,0.002005487
6.25,0.009805174
6.26,0.014204887
6.27,0.008204621
6.28,0.017404375
6.29,0.016404148
6.3,0.006203936
6.31,0.01280374
6.32,0.002403557
6.33,0.015603387
6.34,0.001003228
6.35,0.013803079
6.36,0.012802939
6.37,0.006002808
6.38,0.005002684
6.39,0.018802568
6.4,0.010402459
6.41,0.015202356
6.42,0.015002258
6.43,0.011202165
6.44,0.007002078
6.45,0.002601994
6.46,0.009801915
6.47,0.00820184
6.48,0.010601768
6.49,0.0058017
6.5,0.012401635
6.51,0.015001573
6.52,0.009001514
6.53,0.003001457
6.54,0.007201403
6.55,0.004601351
6.56,0.001601301
6.57,0.008001253
6.58,0.012401207
6.59,0.005601163
6.6,0.009601121
6.61,0.005801081
6.62,0.015801042
6.63,0.015601005
6.64,0.008800969
6.65,0.020000934
6.66,0.019600901
6.67,0.016400869
6.68,0.017600838
6.69,0.015600809
6.7,0.00060078
6.71,0.012400753
6.72,0.015200726
6.73,0.016800701
6.74,0.003600676
6.75,0.001200652
6.76,0.01180063
6.77,0.001000607
6.78,0.011200586
6.79,0.001000566
6.8,0.015000546
6.81,0.016000527
6.82,0.000400509
6.83,0.019000491
6.84,0.007200474
6.85,0.002400457
6.86,0.004800442
6.87,0.003800426
6.88,0.017400411
6.89,0.004200397
6.9,0.006400383
6.91,0.01080037
6.92,0.009800357
6.93,0.014400345
6.94,0.007400333
6.95,0.017200321
6.96,0.01040031
6.97,0.0062003
6.98,0.002600289
6.99,0.001600279
7,0.013400269
7.01,0.00760026
7.02,0.009800251
7.03,0.007200242
7.04,0.009400234
7.05,0.002000226
7.06,0.012400218
7.07,0.010000211
7.08,0.011200203
7.09,0.001000196
7.1,0.00200019
7.11,0.007200183
7.12,0.001200177
7.13,0.013400171
7.14,0.009600165
7.15,0.007400159
7.16,0.012200153
7.17,0.010200148
7.18,0.004800143
7.19,0.011400138
7.2,0.003000133
7.21,0.005200129
7.22,0.016000124
7.23,0.01020012
7.24,0.008600116
7.25,0.005400112
7.26,0.009000109
7.27,0.016000106
7.28,0.003200103
7.29,0.0016001
7.3,0.002600099
7.31,0.011000098
7.32,0.015200099
7.33,0.004200102
7.34,0.017000108
7.35,0.006000118
7.36,0.014600134
7.37,0.000600159
7.38,0.006200197
7.39,0.008600252
7.4,0.015200332
7.41,0.005600447
7.42,0.018800611
7.43,0.018200842
7.44,0.012801165
7.45,0.011601614
7.46,0.005802235
7.47,0.002603088
7.48,0.011204251
7.49,0.006005827
7.5,0.015007952
7.51,0.004010797
7.52,0.000414584
7.53,0.000219593
7.54,0.006626181
7.55,0.013634791
7.56,0.019045974
7.57,0.016260415
7.58,0.017478945
7.59,0.004702581
7.6,0.016132544
7.61,0.011570298
7.62,0.005417576
7.63,0.005676419
7.64,0.000749207
7.65,0.01623869
7.66,0.01354802
7.67,0.005680774
7.68,0.014240969
7.69,0.001833077
7.7,0.010862016
7.71,0.01553314
7.72,0.019652201
7.73,0.021825303
7.74,0.022458828
7.75,0.016159348
7.76,0.015933505
7.77,0.010587877
7.78,0.017728816
7.79,0.025162274
7.8,0.0100936
7.81,0.010927339
7.82,0.015267006
7.83,0.025514879
7.84,0.031071777
7.85,0.015136868
7.86,0.022907491
7.87,0.035379006
7.88,0.026744694
7.89,0.029995689
7.9,0.027720971
7.91,0.036907415
7.92,0.026939896
7.93,0.037601464
7.94,0.03807357
7.95,0.040936357
7.96,0.038768992
7.97,0.042950056
7.98,0.049457948
7.99,0.042471324
8,0.059969538
8.01,0.056133074
8.02,0.04914397
8.03,0.06158619
8.04,0.05024597
8.05,0.066112098
8.06,0.055376127
8.07,0.067832525
8.08,0.067678749
8.09,0.049715235
8.1,0.058345329
8.11,0.059175135
8.12,0.056813313
8.13,0.047670814
8.14,0.054360574
8.15,0.056297181
8.16,0.054296515
8.17,0.045375379
8.18,0.045951138
8.19,0.049841365
8.2,0.042463514
8.21,0.053634614
8.22,0.042171007
8.23,0.036688122
8.24,0.051000292
8.25,0.04312061
8.26,0.047860835
8.27,0.030831331
8.28,0.026641048
8.29,0.025897531
8.3,0.025806967
8.31,0.028974244
8.32,0.029803039
8.33,0.031095917
8.34,0.020654435
8.35,0.018879259
8.36,0.025370277
8.37,0.020926711
8.38,0.024347227
8.39,0.018230041
8.4,0.023973006
8.41,0.016573705
8.42,0.025029524
8.43,0.019137722
8.44,0.007895485
8.45,0.026099978
8.46,0.017348383
8.47,0.009837932
8.48,0.014565936
8.49,0.008129799
8.5,0.021127037
8.51,0.013555283
8.52,0.022812297
8.53,0.020695968
8.54,0.015604313
8.55,0.013735473
8.56,0.020487716
8.57,0.012459428
8.58,0.006649107
8.59,0.006855361
8.6,0.0066769
8.61,0.002112529
8.62,0.011561146
8.63,0.01022173
8.64,0.00669334
8.65,0.016975107
8.66,0.012666229
8.67,0.012365968
8.68,0.008673644
8.69,0.016788628
8.7,0.003310343
8.71,0.015238256
8.72,0.020171877
8.73,0.003310754
8.74,0.015454471
8.75,0.020202645
8.76,0.006154923
8.77,0.006310979
8.78,0.002670516
8.79,0.008833256
8.8,0.007998948
8.81,0.006567355
8.82,0.002138265
8.83,0.015911478
8.84,0.011486813
8.85,0.018264101
8.86,0.011043187
8.87,0.001423929
8.88,0.012806197
8.89,0.000389868
8.9,0.019174833
8.91,0.012160988
8.92,0.00914824
8.93,0.019736501
8.94,0.008525692
8.95,0.015515738
8.96,0.011706573
8.97,0.007898134
8.98,0.007090363
8.99,0.003283207
9,0.017876618
9.01,0.007070551
9.02,0.007264964
9.03,0.00805982
9.04,0.019055083
9.05,0.005850721
9.06,0.017646704
9.07,0.000643006
9.08,0.0068396
9.09,0.017436464
9.1,0.013033577
9.11,0.016430918
9.12,0.00402847
9.13,0.005026215
9.14,0.007224139
9.15,0.009022228
9.16,0.011220467
9.17,0.016018847
9.18,0.003217354
9.19,0.00081598
9.2,0.006014715
9.21,0.00161355
9.22,0.010212477
9.23,0.005411489
9.24,0.01381058
9.25,0.016809743
9.26,0.002408973
9.27,0.014008264
9.28,0.009007613
9.29,0.009007015
9.3,0.003606467
9.31,0.009805966
9.32,0.008005511
9.33,0.0148051
9.34,0.010404733
9.35,0.014804414
9.36,0.013804147
9.37,0.010003938
9.38,0.005203799
9.39,0.006403749
9.4,0.019003812
9.41,0.013804022
9.42,0.016204431
9.43,0.013405106
9.44,0.003406138
9.45,0.001407655
9.46,0.008209822
9.47,0.003412864
9.48,0.014017074
9.49,0.015422837
9.5,0.001430655
9.51,0.019641173
9.52,0.018855222
9.53,0.006473856
9.54,0.000298407
9.55,0.002330547
9.56,0.013172356
9.57,0.003026404
9.58,0.017695844
9.59,0.016184509
9.6,0.020097031
9.61,0.019038956
9.62,0.004816875
9.63,0.019638554
9.64,0.019913068
9.65,0.015250929
9.66,0.018264208
9.67,0.013566634
9.68,0.020173678
9.69,0.015102599
9.7,0.02097245
9.71,0.016604036
9.72,0.009619811
9.73,0.026643704
9.74,0.020100874
9.75,0.024417379
9.76,0.032819759
9.77,0.025534534
9.78,0.035587612
9.79,0.035403626
9.8,0.030805186
9.81,0.039212096
9.82,0.050840516
9.83,0.04290212
9.84,0.045803265
9.85,0.057544198
9.86,0.066718339
9.87,0.078711665
9.88,0.085902235
9.89,0.084659874
9.9,0.096946048
9.91,0.096313955
9.92,0.106108836
9.93,0.124068522
9.94,0.120924208
9.95,0.129801453
9.96,0.138021377
9.97,0.145702031
9.98,0.154759911
9.99,0.165511563
10,0.169675242
10.01,0.189572565
10.02,0.184330118
10.03,0.195280956
10.04,0.203565962
10.05,0.212935005
10.06,0.20374788
10.07,0.211174997
10.08,0.220397794
10.09,0.212608884
10.1,0.212011915
10.11,0.207821184
10.12,0.217860999
10.13,0.203364832
10.14,0.201174298
10.15,0.204937996
10.16,0.209110246
10.17,0.189149778
10.18,0.191718409
10.19,0.19027974
10.2,0.182697915
10.21,0.171436475
10.22,0.179157316
10.23,0.17131979
10.24,0.163979947
10.25,0.145589919
10.26,0.136197469
10.27,0.140445674
10.28,0.130772752
10.29,0.134412006
10.3,0.124591893
10.31,0.119136167
10.32,0.101264117
10.33,0.094790856
10.34,0.098727655
10.35,0.102682307
10.36,0.094659504
10.37,0.087061222
10.38,0.081487089
10.39,0.084134749
10.4,0.068000198
10.41,0.058478093
10.42,0.070762037
10.43,0.065044831
10.44,0.064918695
10.45,0.053375461
10.46,0.054206732
10.47,0.045604025
10.48,0.037358879
10.49,0.049862946
10.5,0.043508061
10.51,0.049686301
10.52,0.031590019
10.53,0.046411874
10.54,0.041144854
10.55,0.027782276
10.56,0.035117798
10.57,0.021745412
10.58,0.03605944
10.59,0.018454527
10.6,0.034725623
10.61,0.022667982
10.62,0.032677137
10.63,0.025148894
10.64,0.026079315
10.65,0.019064706
10.66,0.0129016
10.67,0.015786747
10.68,0.029717101
10.69,0.026889805
10.7,0.028702184
10.71,0.02115173
10.72,0.008836092
10.73,0.01055307
10.74,0.0225006
10.75,0.008276751
10.76,0.007479713
10.77,0.021107788
10.78,0.01955939
10.79,0.01523303
10.8,0.012527314
10.81,0.004640937
10.82,0.013772674
10.83,0.02252138
10.84,0.012285982
10.85,0.003465474
10.86,0.021258915
10.87,0.009065421
10.88,0.008284168
10.89,0.005914379
10.9,0.004755331
10.91,0.015406343
10.92,0.005066779
10.93,0.012336044
10.94,0.021613578
10.95,0.007098859
10.96,0.020191397
10.97,0.007290732
10.98,0.003996435
10.99,0.011908103
11,0.012225358
11.01,0.018947847
11.02,0.01387524
11.03,0.010207225
11.04,0.016543512
11.05,0.01068383
11.06,0.020027923
11.07,0.013575552
11.08,0.001726495
11.09,0.00728054
11.1,0.019437493
11.11,0.01359717
11.12,0.010159398
11.13,0.006324018
11.14,0.005690879
11.15,0.009059841
11.16,0.008430775
11.17,0.001403561
11.18,0.013778092
11.19,0.001354269
11.2,0.01033201
11.21,0.01851125
11.22,0.019691948
11.23,0.005674091
11.24,0.003257715
11.25,0.01104292
11.26,0.012229899
11.27,0.015218986
11.28,0.008610715
11.29,0.008605922
11.3,0.00340587
11.31,0.018212452
11.32,0.001828461
11.33,0.009057981
11.34,0.009906931
11.35,0.017383824
11.36,0.004100811
11.37,0.009875115
11.38,0.010930976
11.39,0.017102283
11.4,0.006636091
11.41,0.020597294
11.42,0.019274783
11.43,0.024589502
11.44,0.018904887
11.45,0.028440287
11.46,0.030688079
11.47,0.030435297
11.48,0.04159072
11.49,0.039218493
11.5,0.069779472
11.51,0.082981557
11.52,0.106840364
11.53,0.142951594
11.54,0.180176417
11.55,0.233941028
11.56,0.306151348
11.57,0.394123422
11.58,0.510329582
11.59,0.674959773
11.6,0.852696542
11.61,1.094901189
11.62,1.39620732
11.63,1.781916674
11.64,2.234390555
11.65,2.809228611
11.66,3.491425073
11.67,4.318491017
11.68,5.321929848
11.69,6.532652119
11.7,7.95871515
11.71,9.658572832
11.72,11.63962158
11.73,13.94062984
11.74,16.63244082
11.75,19.71294146
11.76,23.2434948
11.77,27.24083817
11.78,31.76185553
11.79,36.82983899
11.8,42.45906142
11.81,48.69228935
11.82,55.51607203
11.83,62.97944865
11.84,71.04032084
11.85,79.68734107
11.86,88.92736909
11.87,98.67854803
11.88,108.9370488
11.89,119.5905258
11.9,130.5909184
11.91,141.8506241
11.92,153.2514526
11.93,164.7119624
11.94,176.078359
11.95,187.2559259
11.96,198.1229384
11.97,208.508402
11.98,218.3413406
11.99,227.4321555
12,235.7359681
12.01,243.0950552
12.02,249.4250936
12.03,254.6547282
12.04,258.7017948
12.05,261.5457353
12.06,263.1407607
12.07,263.4925349
12.08,262.576767
12.09,260.4455226
12.1,257.1534771
12.11,252.7369543
12.12,247.2748045
12.13,240.843988
12.14,233.5911398
12.15,225.5661908
12.16,216.8981277
12.17,207.7003664
12.18,198.0974113
12.19,188.205864
12.2,178.0982345
12.21,167.9023979
12.22,157.7071266
12.23,147.6067159
12.24,137.6845096
12.25,127.9825213
12.26,118.5971366
12.27,109.5556748
12.28,100.9035812
12.29,92.66361878
12.3,84.86882152
12.31,77.53397607
12.32,70.65579435
12.33,64.22674432
12.34,58.26710793
12.35,52.74243933
12.36,47.66280003
12.37,42.98575261
12.38,38.70209833
12.39,34.79394841
12.4,31.23852259
12.41,28.01607166
12.42,25.08612398
12.43,22.45385794
12.44,20.06480443
12.45,17.91388476
12.46,15.98859013
12.47,14.27010952
12.48,12.72141297
12.49,11.32309694
12.5,10.08559836
12.51,8.991783355
12.52,8.001516232
12.53,7.104013332
12.54,6.327786179
12.55,5.627177353
12.56,5.011092063
12.57,4.441327836
12.58,3.957304198
12.59,3.520193803
12.6,3.120856097
12.61,2.782174261
12.62,2.480595944
12.63,2.207078059
12.64,1.956235765
12.65,1.742495636
12.66,1.541852893
12.67,1.373232555
12.68,1.23185427
12.69,1.092600608
12.7,0.958188533
12.71,0.860343819
12.72,0.773378142
12.73,0.684168599
12.74,0.599139434
12.75,0.534245736
12.76,0.478358924
12.77,0.427053821
12.78,0.383597154
12.79,0.334737329
12.8,0.308695336
12.81,0.280756667
12.82,0.233064131
12.83,0.219211474
12.84,0.195837702
12.85,0.16862204
12.86,0.159279456
12.87,0.147556676
12.88,0.12722865
12.89,0.105495405
12.9,0.108179254
12.91,0.090322315
12.92,0.076784301
12.93,0.07244056
12.94,0.059580338
12.95,0.063905223
12.96,0.048727773
12.97,0.058370295
12.98,0.038163754
12.99,0.037246812
13,0.034364966
13.01,0.043269789
13.02,0.029318249
13.03,0.037672112
13.04,0.030697403
13.05,0.035163932
13.06,0.019444873
13.07,0.014316389
13.08,0.018357295
13.09,0.014748769
13.1,0.015674082
13.11,0.016118369
13.12,0.021868417
13.13,0.020912487
13.14,0.006240143
13.15,0.024042112
13.16,0.00811015
13.17,0.007836934
13.18,0.01361595
13.19,0.01984141
13.2,0.014508172
13.21,0.02141166
13.22,0.009947811
13.23,0.01831301
13.24,0.018904044
13.25,0.021118057
13.26,0.003952511
13.27,0.016405146
13.28,0.015273956
13.29,0.005157156
13.3,0.010253159
13.31,0.015160552
13.32,0.006278081
13.33,0.001604631
13.34,0.011139207
13.35,0.002480927
13.36,0.008829005
13.37,0.019782744
13.38,0.003941521
13.39,0.004104784
13.4,0.01107204
13.41,0.016642853
13.42,0.011616832
13.43,0.009193632
13.44,0.000772943
13.45,0.004354492
13.46,0.001338035
13.47,0.002723353
13.48,0.005710253
13.49,0.001298564
13.5,0.013088131
13.51,0.003878819
13.52,0.013670505
13.53,0.006263081
13.54,0.001256451
13.55,0.002650529
13.56,0.005645239
13.57,0.015640511
13.58,0.012036287
13.59,0.01183251
13.6,0.018829134
13.61,0.020026114
13.62,0.007223414
13.63,0.001420998
13.64,0.000418836
13.65,0.016216901
13.66,0.01101517
13.67,0.001213619
13.68,0.01061223
13.69,0.004210986
13.7,0.011809871
13.71,0.008408872
13.72,0.017207976
13.73,0.014407173
13.74,0.013006453
13.75,0.001405807
13.76,0.015405227
13.77,0.009804706
13.78,0.006604239
13.79,0.009403819
13.8,0.005403442
13.81,0.005403103
13.82,0.006202798
13.83,0.018402524
13.84,0.016602278
13.85,0.011202056
13.86,0.009601857
13.87,0.006801677
13.88,0.015801515
13.89,0.00500137
13.9,0.013801238
13.91,0.01840112
13.92,0.003201013
13.93,0.001200917
13.94,0.00420083
13.95,0.014400752
13.96,0.015400681
13.97,0.010200617
13.98,0.01340056
13.99,0.019400508
14,0.01840046
14.01,0.016800418
14.02,0.016600379
14.03,0.012800344
14.04,0.011800313
14.05,0.016600284
14.06,0.016400258
14.07,0.015200235
14.08,0.007800213
14.09,0.007400194
14.1,0.005000177
14.11,0.008200161
14.12,0.014800146
14.13,0.018200133
14.14,0.011800121
14.15,0.001000111
14.16,0.005600101
14.17,0.003800092
14.18,0.007800084
14.19,0.001000077
14.2,0.010400071
14.21,0.017800065
14.22,0.00200006
14.23,0.017200057
14.24,0.016800054
14.25,0.009000054
14.26,0.002000055
14.27,0.00020006
14.28,0.013400069
14.29,0.019400086
14.3,0.003000112
14.31,0.005000154
14.32,0.007800219
14.33,0.015000316
14.34,0.003400461
14.35,0.005000676
14.36,0.011400991
14.37,0.006601451
14.38,0.007002118
14.39,0.019803078
14.4,0.011204451
14.41,0.011606404
14.42,0.013609163
14.43,0.011213038
14.44,0.014818449
14.45,0.001825957
14.46,0.017236314
14.47,0.002250515
14.48,0.010469867
14.49,0.011896081
14.5,0.012131378
14.51,0.012578616
14.52,0.015041454
14.53,0.018924539
14.54,0.020033729
14.55,0.018376357
14.56,0.003961534
14.57,0.010200492
14.58,0.008506973
14.59,0.002897664
14.6,0.00999266
14.61,0.014615973
14.62,0.011796054
14.63,0.021366334
14.64,0.011565756
14.65,0.014439282
14.66,0.024438344
14.67,0.027621225
14.68,0.02305331
14.69,0.020607202
14.7,0.024162634
14.71,0.040006168
14.72,0.050030608
14.73,0.047734128
14.74,0.061819058
14.75,0.052790318
14.76,0.071353483
14.77,0.08781249
14.78,0.102866991
14.79,0.10880939
14.8,0.124121621
14.81,0.141671733
14.82,0.150910364
14.83,0.187067225
14.84,0.207147701
14.85,0.229329702
14.86,0.252160912
14.87,0.269756547
14.88,0.29619779
14.89,0.335530991
14.9,0.36856775
14.91,0.399685948
14.92,0.42683179
14.93,0.456922841
14.94,0.493052058
14.95,0.531692724
14.96,0.5645042
14.97,0.57833833
14.98,0.619246346
14.99,0.648286055
15,0.676329097
15.01,0.688268043
15.02,0.709423111
15.03,0.73594827
15.04,0.749836551
15.05,0.752324381
15.06,0.760894806
15.07,0.769279527
15.08,0.780859672
15.09,0.780665333
15.1,0.766573877
15.11,0.766507151
15.12,0.747427666
15.13,0.731533951
15.14,0.716855215
15.15,0.701445546
15.16,0.679377813
15.17,0.65073749
15.18,0.628416575
15.19,0.606307777
15.2,0.583499128
15.21,0.546069127
15.22,0.512682517
15.23,0.500786757
15.24,0.474409225
15.25,0.433155156
15.26,0.423806284
15.27,0.380320174
15.28,0.361630156
15.29,0.33364581
15.3,0.311653906
15.31,0.300319733
15.32,0.279888707
15.33,0.243188198
15.34,0.232429482
15.35,0.222809754
15.36,0.193914137
15.37,0.185717645
15.38,0.174987042
15.39,0.149482577
15.4,0.14475957
15.41,0.126569833
15.42,0.128662919
15.43,0.107587203
15.44,0.109890796
15.45,0.099522298
15.46,0.086231411
15.47,0.08856942
15.48,0.081689551
15.49,0.076147231
15.5,0.054500264
15.51,0.060308927
15.52,0.046536006
15.53,0.060346792
15.54,0.046309029
15.55,0.035592837
15.56,0.030970614
15.57,0.044816925
15.58,0.038108378
15.59,0.0246235
15.6,0.034742607
15.61,0.025447679
15.62,0.022722236
15.63,0.03315122
15.64,0.016720884
15.65,0.031618682
15.66,0.020233173
15.67,0.013753926
15.68,0.022771435
15.69,0.010477039
15.7,0.012462847
15.71,0.023921674
15.72,0.022446975
15.73,0.012832791
15.74,0.014073697
15.75,0.020764752
15.76,0.015101459
15.77,0.006479724
15.78,0.006495819
15.79,0.007146351
15.8,0.011628231
15.81,0.006938647
15.82,0.01507504
15.83,0.00843508
15.84,0.020816644
15.85,0.010817803
15.86,0.006636799
15.87,0.017472032
15.88,0.012922044
15.89,0.018385511
15.9,0.013661226
15.91,0.01294809
15.92,0.002845102
15.93,0.017351352
15.94,0.013666013
15.95,0.014988328
15.96,0.011317612
15.97,0.00125324
15.98,0.002394642
15.99,0.0007413
16,0.006692744
16.01,0.010048543
16.02,0.008008307
16.03,0.00817168
16.04,0.019138339
16.05,0.013307989
16.06,0.003480361
16.07,0.009255212
16.08,0.005032318
16.09,0.007211479
16.1,0.019392508
16.11,0.00797524
16.12,0.01255952
16.13,0.01994521
16.14,0.003932185
16.15,0.012120327
16.16,0.015109533
16.17,0.009499708
16.18,0.012690764
16.19,0.002482622
16.2,0.01087521
16.21,0.002068464
16.22,0.010462322
16.23,0.020056732
16.24,0.010051643
16.25,0.00204701
16.26,0.004242793
16.27,0.017238954
16.28,0.00643546
16.29,0.015232279
16.3,0.017029384
16.31,0.015426748
16.32,0.016824348
16.33,0.008422164
16.34,0.000220176
16.35,0.013218366
16.36,0.010016719
16.37,0.010015219
16.38,0.016213854
16.39,0.007812611
16.4,0.00581148
16.41,0.00841045
16.42,0.015809513
16.43,0.007408659
16.44,0.012407883
16.45,0.018607175
16.46,0.017606532
16.47,0.017005946
16.48,0.001805412
16.49,0.009004927
16.5,0.019404485
16.51,0.005804083
16.52,0.005603716
16.53,0.004603383
16.54,0.00120308
16.55,0.009602803
16.56,0.009002552
16.57,0.001802323
16.58,0.014802115
16.59,0.006801925
16.6,0.000601752
16.61,0.014201595
16.62,0.003201452
16.63,0.010601322
16.64,0.005201203
16.65,0.015001095
16.66,0.013000997
16.67,0.019200908
16.68,0.015200826
16.69,0.002200752
16.7,0.017200685
16.71,0.006600623
16.72,0.020000567
16.73,0.005800516
16.74,0.00380047
16.75,0.006400428
16.76,0.01040039
16.77,0.013800355
16.78,0.004400323
16.79,0.012400294
16.8,0.013400267
16.81,0.010800243
16.82,0.013800222
16.83,0.014600202
16.84,0.012800184
16.85,0.013200167
16.86,0.018800152
16.87,0.002800139
16.88,0.004200126
16.89,0.015400115
16.9,0.017000104
16.91,0.018200095
16.92,0.004600087
16.93,0.000600079
16.94,0.012200072
16.95,0.015600065
16.96,0.014000059
16.97,0.001600054
16.98,0.009000049
16.99,0.001200045
17,0.013400041
17.01,0.015800037
17.02,0.015400034
17.03,0.019600031
17.04,0.003000028
17.05,0.014800026
17.06,0.010200023
17.07,0.000400021
17.08,0.005400019
17.09,0.013000018
17.1,0.013600016
17.11,0.006000015
17.12,0.006200013
17.13,0.019200012
17.14,0.005400011
17.15,0.00500001
17.16,0.017200009
17.17,0.005800008
17.18,0.009600008
17.19,0.013800007
17.2,0.019400006
17.21,0.002400006
17.22,0.016800005
17.23,0.014200005
17.24,0.006600004
17.25,0.013400004
17.26,0.019400004
17.27,0.005200003
17.28,0.003600003
17.29,0.018400003
17.3,0.004600002
17.31,0.008000002
17.32,0.005400002
17.33,0.012800002
17.34,0.011000002
17.35,0.007000002
17.36,0.019400001
17.37,0.001000001
17.38,0.002800001
17.39,0.017800001
17.4,0.016000001
17.41,0.009800001
17.42,0.007600001
17.43,0.013600001
17.44,0.004400001
17.45,0.000200001
17.46,0.004000001
17.47,0.0046
17.48,0.008
17.49,0.0064
17.5,0.0018
17.51,0.013
17.52,0.0136
17.53,0.0058
17.54,0.0094
17.55,0.0024
17.56,0.0106
17.57,0.0068
17.58,0.0184
17.59,0.008
17.6,0.0042
17.61,0.0008
17.62,0.0178
17.63,0.0158
17.64,0.0098
17.65,0.0058
17.66,0.0116
17.67,0.0134
17.68,0.0024
17.69,0.0056
17.7,0.0014
17.71,0.0128
17.72,0.0176
17.73,0.0174
17.74,0.0136
17.75,0.017
17.76,0.0148
17.77,0.004
17.78,0.0052
17.79,0.0102
17.8,0.0004
17.81,0.0096
17.82,0.0168
17.83,0.0138
17.84,0.0166
17.85,0.0162
17.86,0.0104
17.87,0.0116
17.88,0.0084
17.89,0.001
17.9,0.0062
17.91,0.0086
17.92,0.0172
17.93,0.0192
17.94,0.0068
17.95,0.004
17.96,0.0116
17.97,0.017
17.98,0.0044
17.99,0.0114
18,0.0108
18.01,0.0062
18.02,0.0098
18.03,0.0174
18.04,0.0166
18.05,0.0028
18.06,0.0078
18.07,0.0146
18.08,0.017
18.09,0.0104
18.1,0.0158
18.11,0.0074
18.12,0.0174
18.13,0.011
18.14,0.0114
18.15,0.013
18.16,0.0062
18.17,0.0126
18.18,0.019
18.19,0.02
18.2,0.0084
18.21,0.0056
18.22,0.0036
18.23,0.0012
18.24,0.0072
18.25,0.0006
18.26,0.018
18.27,0.0086
18.28,0.0176
18.29,0.0096
18.3,0.0006
18.31,0.014
18.32,0.0048
18.33,0.0034
18.34,0.0112
18.35,0.003
18.36,0.0072
18.37,0.0082
18.38,0.0048
18.39,0.0042
18.4,0.0168
18.41,0.01
18.42,0.0014
18.43,0.0072
18.44,0.019
18.45,0.0002
18.46,0.011
18.47,0.0018
18.48,0.0026
18.49,0.0086
18.5,0.0032
18.51,0.0008
18.52,0.0002
18.53,0.0154
18.54,0.0052
18.55,0.0014
18.56,0.019
18.57,0.0102
18.58,0.0048
18.59,0.0094
18.6,0.0014
18.61,0.0026
18.62,0.01
18.63,0.0018
18.64,0.0114
18.65,0.0164
18.66,0.011
18.67,0.0086
18.68,0.0132
18.69,0.0044
18.7,0.0024
18.71,0.0118
18.72,0.0176
18.73,0.015
18.74,0.0172
18.75,0.0142
18.76,0.0144
18.77,0.0034
18.78,0.0126
18.79,0.0078
18.8,0.0042
18.81,0.0078
18.82,0.0064
18.83,0.0076
18.84,0.014
18.85,0.0174
18.86,0.0176
18.87,0.014
18.88,0.0136
18.89,0.017
18.9,0.0054
18.91,0.0094
18.92,0.02
18.93,0.0178
18.94,0.0054
18.95,0.0198
18.96,0.006
18.97,0.003
18.98,0.0066
18.99,0.0032
19,0.0196
19.01,0.0048
19.02,0.0058
19.03,0.0024
19.04,0.0084
19.05,0.016
19.06,0.0098
19.07,0.0136
19.08,0.0114
19.09,0.0176
19.1,0.0046
19.11,0.0042
19.12,0.0138
19.13,0.0068
19.14,0.014
19.15,0.003
19.16,0.0018
19.17,0.0186
19.18,0.0112
19.19,0.007000001
19.2,0.019600001
19.21,0.008400002
19.22,0.014400002
19.23,0.019400004
19.24,0.007600006
19.25,0.00880001
19.26,0.016600015
19.27,0.007000024
19.28,0.002200037
19.29,0.001000057
19.3,0.003000088
19.31,0.016600134
19.32,0.008000203
19.33,0.005600306
19.34,0.00320046
19.35,0.014200686
19.36,0.004801017
19.37,0.018001499
19.38,0.018802198
19.39,0.004203204
19.4,0.015604643
19.41,0.01720669
19.42,0.003209584
19.43,0.017213652
19.44,0.014819336
19.45,0.006627229
19.46,0.007038124
19.47,0.000653074
19.48,0.018473466
19.49,0.016501113
19.5,0.01293837
19.51,0.004588279
19.52,0.003654733
19.53,0.018142685
19.54,0.012258388
19.55,0.017209682
19.56,0.009006321
19.57,0.008660354
19.58,0.019986545
19.59,0.008602857
19.6,0.003530966
19.61,0.015796824
19.62,0.010631254
19.63,0.01787056
19.64,0.008357139
19.65,0.017340076
19.66,0.019075693
19.67,0.017628014
19.68,0.020269128
19.69,0.020279389
19.7,0.023347429
19.71,0.027369929
19.72,0.042251114
19.73,0.05230192
19.74,0.048238811
19.75,0.071782203
19.76,0.083454494
19.77,0.084177682
19.78,0.110470585
19.79,0.1242457
19.8,0.140605736
19.81,0.149039903
19.82,0.168220034
19.83,0.194996655
19.84,0.20999513
19.85,0.252412002
19.86,0.272011697
19.87,0.301723729
19.88,0.338840551
19.89,0.371416191
19.9,0.397665787
19.91,0.45316613
19.92,0.487257252
19.93,0.514045114
19.94,0.55380537
19.95,0.598388157
19.96,0.631423818
19.97,0.672329421
19.98,0.707715913
19.99,0.737595693
20,0.781590404
20.01,0.81813868
20.02,0.83590363
20.03,0.856979811
20.04,0.89049948
20.05,0.906037915
20.06,0.910817668
20.07,0.925511608
20.08,0.930444694
20.09,0.934394432
20.1,0.946590056
20.11,0.936510476
20.12,0.940481104
20.13,0.916469704
20.14,0.912281426
20.15,0.896753205
20.16,0.884547738
20.17,0.859947231
20.18,0.835447103
20.19,0.803149852
20.2,0.769559215
20.21,0.753974792
20.22,0.727087221
20.23,0.695374002
20.24,0.670696014
20.25,0.630894752
20.26,0.596190286
20.27,0.579979912
20.28,0.546637448
20.29,0.508713118
20.3,0.489733963
20.31,0.452204669
20.32,0.441008773
20.33,0.405010123
20.34,0.394454553
20.35,0.362171664
20.36,0.34337668
20.37,0.318672292
20.38,0.290050471
20.39,0.290694187
20.4,0.258379024
20.41,0.256874666
20.42,0.224346231
20.43,0.208155464
20.44,0.205861774
20.45,0.187223129
20.46,0.183596814
20.47,0.160740053
20.48,0.159010523
20.49,0.152366756
20.5,0.127968458
20.51,0.125576737
20.52,0.117554274
20.53,0.109465431
20.54,0.115876318
20.55,0.099354813
20.56,0.086870562
20.57,0.080594952
20.58,0.091701063
20.59,0.082763616
20.6,0.0797589
20.61,0.068664707
20.62,0.059660253
20.63,0.0689261
20.64,0.061844084
20.65,0.044997239
20.66,0.050169724
20.67,0.04134675
20.68,0.04291452
20.69,0.039260159
20.7,0.039171658
20.71,0.037637816
20.72,0.034448185
20.73,0.041993022
20.74,0.035463241
20.75,0.03025037
20.76,0.033346508
20.77,0.021544288
20.78,0.027836841
20.79,0.035417762
20.8,0.029481078
20.81,0.02782122
20.82,0.020832996
20.83,0.026911564
20.84,0.013452411
20.85,0.016851326
20.86,0.015104385
20.87,0.025007929
20.88,0.009558544
20.89,0.019553051
20.9,0.013188482
20.91,0.013862072
20.92,0.01897124
20.93,0.012313583
20.94,0.021486858
20.95,0.018888975
20.96,0.023517984
20.97,0.009172068
20.98,0.021249532
20.99,0.012148796
21,0.004868385
21.01,0.023006927
21.02,0.019163141
21.03,0.003735832
21.04,0.013523886
21.05,0.007726266
21.06,0.022542002
21.07,0.013770192
21.08,0.004209995
21.09,0.010260625
21.1,0.002921351
21.11,0.02019149
21.12,0.014670406
21.13,0.019957506
21.14,0.006052237
21.15,0.002554082
21.16,0.019462562
21.17,0.007577228
21.18,0.018897661
21.19,0.002623472
21.2,0.012754297
21.21,0.013889798
21.22,0.010429658
21.23,0.004973582
21.24,0.016521297
21.25,0.004472546
21.26,0.00342709
21.27,0.011184706
21.28,0.008545186
21.29,0.003908338
21.3,0.01047398
21.31,0.009441945
21.32,0.014012075
21.33,0.005584223
21.34,0.001958254
21.35,0.00833404
21.36,0.013111463
21.37,0.019490412
21.38,0.002070783
21.39,0.014852482
21.4,0.018435417
21.41,0.018219505
21.42,0.012804669
21.43,0.006990836
21.44,0.004977938
21.45,0.000365911
21.46,0.005154698
21.47,0.004744242
21.48,0.009134493
21.49,0.003925403
21.5,0.001316927
21.51,0.010309024
21.52,0.006301655
21.53,0.005094784
21.54,0.011288378
21.55,0.003082405
21.56,0.004676835
21.57,0.010271642
21.58,0.0080668
21.59,0.015262285
21.6,0.014258075
21.61,0.01185415
21.62,0.00605049
21.63,0.016247078
21.64,0.015043896
21.65,0.015640929
21.66,0.009038163
21.67,0.002835583
21.68,0.018233178
21.69,0.005230936
21.7,0.015428845
21.71,0.016626895
21.72,0.019825078
21.73,0.012023383
21.74,0.005421802
21.75,0.000620329
21.76,0.012018955
21.77,0.019817675
21.78,0.001216481
21.79,0.012815368
21.8,0.005414331
21.81,0.006413365
21.82,0.018612465
21.83,0.001011628
21.84,0.01201085
21.85,0.005010129
21.86,0.009809462
21.87,0.018008848
21.88,0.014208287
21.89,0.012007781
21.9,0.014607333
21.91,0.003806948
21.92,0.011406635
21.93,0.015806408
21.94,0.008406286
21.95,0.007806295
21.96,0.00480647
21.97,0.008806861
21.98,0.019807533
21.99,0.01480857
22,0.011010085
22.01,0.002812224
22.02,0.005615172
22.03,0.007419169
22.04,0.019824518
22.05,0.0190316
22.06,0.019440891
22.07,0.013052981
22.08,0.008268595
22.09,0.015688622
22.1,0.018314135
22.11,0.015746426
22.12,0.000787037
22.13,0.003037792
22.14,0.008900833
22.15,0.003978653
22.16,0.014274131
22.17,0.016190559
22.18,0.018731672
22.19,0.008101665
22.2,0.010705203
22.21,0.008547426
22.22,0.006433934
22.23,0.016370758
22.24,0.012764318
22.25,0.01782136
22.26,0.012748872
22.27,0.006353978
22.28,0.016243812
22.29,0.009225378
22.3,0.013105374
22.31,0.025690024
22.32,0.026984874
22.33,0.016194593
22.34,0.013722775
22.35,0.027971728
22.36,0.032742291
22.37,0.022633661
22.38,0.024643242
22.39,0.037966532
22.4,0.028397047
22.41,0.041326285
22.42,0.025943745
22.43,0.047836992
22.44,0.042591778
22.45,0.050592213
22.46,0.047020989
22.47,0.042459642
22.48,0.041888861
22.49,0.056288823
22.5,0.057639548
22.51,0.05632127
22.52,0.064914802
22.53,0.054401897
22.54,0.057565579
22.55,0.071790455
22.56,0.060262971
22.57,0.070371636
22.58,0.07510718
22.59,0.073662668
22.6,0.071833544
22.61,0.06701763
22.62,0.074615058
22.63,0.069828165
22.64,0.079861334
22.65,0.0645208
22.66,0.07961443
22.67,0.071751477
22.68,0.077542325
22.69,0.071798227
22.7,0.07253105
22.71,0.066553024
22.72,0.067276509
22.73,0.065313788
22.74,0.077276876
22.75,0.06417736
22.76,0.062426266
22.77,0.058833954
22.78,0.065810041
22.79,0.063963348
22.8,0.055101871
22.81,0.060432775
22.82,0.056762402
22.83,0.052896303
22.84,0.053639266
22.85,0.055395373
22.86,0.060968047
22.87,0.052960111
22.88,0.046573848
22.89,0.053611061
22.9,0.057873127
22.91,0.053761058
22.92,0.045275545
22.93,0.048217014
22.94,0.042185662
22.95,0.0399815
22.96,0.034404386
22.97,0.036454052
22.98,0.047930133
22.99,0.03863219
23,0.035759722
23.01,0.040312189
23.02,0.029289018
23.03,0.031089619
23.04,0.028313388
23.05,0.044159719
23.06,0.043028002
23.07,0.043517636
23.08,0.024428025
23.09,0.041958581
23.1,0.035508732
23.11,0.039677913
23.12,0.025465575
23.13,0.037871183
23.14,0.029094215
23.15,0.020934162
23.16,0.022790532
23.17,0.017862845
23.18,0.035350632
23.19,0.020653442
23.2,0.024170835
23.21,0.016102382
23.22,0.02164767
23.23,0.021006295
23.24,0.029577866
23.25,0.032962003
23.26,0.023358338
23.27,0.014366514
23.28,0.023786182
23.29,0.019417006
23.3,0.023458659
23.31,0.029710823
23.32,0.011573189
23.33,0.016845459
23.34,0.014727342
23.35,0.016818555
23.36,0.028718826
23.37,0.012627889
23.38,0.015145485
23.39,0.016071365
23.4,0.028605285
23.41,0.02274701
23.42,0.00869631
23.43,0.026052964
23.44,0.027616756
23.45,0.020787476
23.46,0.015764922
23.47,0.010348895
23.48,0.025939205
23.49,0.018535665
23.5,0.010738096
23.51,0.017546321
23.52,0.022560172
23.53,0.016579483
23.54,0.015604093
23.55,0.018233849
23.56,0.011268598
23.57,0.024308194
23.58,0.016952494
23.59,0.017801362
23.6,0.019254663
23.61,0.014312267
23.62,0.010974048
23.63,0.011239882
23.64,0.017909652
23.65,0.009983242
23.66,0.02186054
23.67,0.010741437
23.68,0.005225827
23.69,0.011513609
23.7,0.012804682
23.71,0.01149895
23.72,0.018796319
23.73,0.018296699
23.74,0.018800001
23.75,0.019706139
23.76,0.01461503
23.77,0.006326594
23.78,0.016840751
23.79,0.013157427
23.8,0.013676546
23.81,0.021198038
23.82,0.005721833
23.83,0.016847863
23.84,0.007376063
23.85,0.013106369
23.86,0.020238719
23.87,0.016773053
23.88,0.008909313
23.89,0.005847443
23.9,0.018987388
23.91,0.021729094
23.92,0.01527251
23.93,0.013617586
23.94,0.008164273
23.95,0.006112524
23.96,0.013462292
23.97,0.018013534
23.98,0.018566206
23.99,0.017720266
24,0.018275674
24.01,0.00323239
24.02,0.012390375
24.03,0.010749593
24.04,0.015910007
24.05,0.001671582
24.06,0.004634284
24.07,0.01779808
24.08,0.003762939
24.09,0.016728827
24.1,0.007095717
24.11,0.019663577
24.12,0.012032381
24.13,0.001202099
24.14,0.019772706
24.15,0.016144174
24.16,0.01891648
24.17,0.009489598
24.18,0.014463505
24.19,0.019438176
24.2,0.006013591
24.21,0.014989727
24.22,0.019366563
24.23,0.018144079
24.24,0.012522254
24.25,0.006101069
24.26,0.010080506
24.27,0.007460547
24.28,0.017441174
24.29,0.01042237
24.3,0.01100412
24.31,0.005986406
24.32,0.011169216
24.33,0.013752536
24.34,0.011136352
24.35,0.008720653
24.36,0.011305431
24.37,0.019490678
24.38,0.004676391
24.39,0.002862569
24.4,0.017249217
24.41,0.01003635
24.42,0.002823988
24.43,0.017412168
24.44,0.008000941
24.45,0.00219038
24.46,0.000980588
24.47,0.004571705
24.48,0.00236392
24.49,0.00775748
24.5,0.015752715
24.51,0.002150048
24.52,0.004950028
24.53,0.002553357
24.54,0.016160922
24.55,0.015973841
24.56,0.014793507
24.57,0.001021645
24.58,0.005060374
24.59,0.007912278
24.6,0.01798048
24.61,0.015868726
24.62,0.016181475
24.63,0.001723988
24.64,0.016502421
24.65,0.005923919
24.66,0.020596696
24.67,0.011730112
24.68,0.010334737
24.69,0.016422382
24.7,0.020006117
24.71,0.01090025
24.72,0.016120263
24.73,0.018682708
24.74,0.025805049
24.75,0.019305449
24.76,0.016202497
24.77,0.01271488
24.78,0.017860987
24.79,0.030658468
24.8,0.020923735
24.81,0.024471427
24.82,0.027113848
24.83,0.034260383
24.84,0.046716933
24.85,0.045485356
24.86,0.041562966
24.87,0.048942086
24.88,0.0548097
24.89,0.070947196
24.9,0.063930248
24.91,0.065128832
24.92,0.080507388
24.93,0.094625143
24.94,0.082636588
24.95,0.097692108
24.96,0.099738747
24.97,0.107121102
24.98,0.122582308
24.99,0.113265102
25,0.123312932
25.01,0.132471066
25.02,0.132687684
25.03,0.144514911
25.04,0.150909758
25.05,0.155234946
25.06,0.154459585
25.07,0.153759698
25.08,0.156118557
25.09,0.160726855
25.1,0.154782681
25.11,0.162091327
25.12,0.168264935
25.13,0.15172199
25.14,0.166286695
25.15,0.149388248
25.16,0.14606004
25.17,0.154138816
25.18,0.157663808
25.19,0.145275884
25.2,0.151216727
25.21,0.14292806
25.22,0.142850941
25.23,0.138825147
25.24,0.117688632
25.25,0.128677098
25.26,0.126623647
25.27,0.111558538
25.28,0.11870903
25.29,0.110699302
25.3,0.104950461
25.31,0.087680597
25.32,0.101704905
25.33,0.094835842
25.34,0.089083319
25.35,0.084254916
25.36,0.079956105
25.37,0.081590489
25.38,0.069160027
25.39,0.074665263
25.4,0.06170554
25.41,0.065079193
25.42,0.053783738
25.43,0.053216036
25.44,0.063972436
25.45,0.061248905
25.46,0.047241141
25.47,0.046144664
25.48,0.053154896
25.49,0.045667229
25.5,0.046877072
25.51,0.030579899
25.52,0.037971277
25.53,0.027646894
25.54,0.026402576
25.55,0.027034298
25.56,0.026938195
25.57,0.030510563
25.58,0.036147861
25.59,0.026046713
25.6,0.037203904
25.61,0.025216372
25.62,0.020881211
25.63,0.01999566
25.64,0.030757098
25.65,0.03296304
25.66,0.025411131
25.67,0.028899137
25.68,0.017824942
25.69,0.022586541
25.7,0.010982035
25.71,0.025609626
25.72,0.023867609
25.73,0.028154371
25.74,0.016268385
25.75,0.013008203
25.76,0.012172456
25.77,0.021759845
25.78,0.019969143
25.79,0.024199185
25.8,0.021648871
25.81,0.008117157
25.82,0.023203056
25.83,0.017305632
25.84,0.021424
25.85,0.01275732
25.86,0.0141048
25.87,0.012065687
25.88,0.01443927
25.89,0.021424873
25.9,0.01922186
25.91,0.017229624
25.92,0.014647595
25.93,0.00927523
25.94,0.006512016
25.95,0.022157467
25.96,0.005411123
25.97,0.005672548
25.98,0.00414133
25.99,0.017617078
26,0.013699422
26.01,0.005988013
26.02,0.003082517
26.03,0.005182622
26.04,0.01368803
26.05,0.003398459
26.06,0.002913643
26.07,0.014033329
26.08,0.001557278
26.09,0.016485265
26.1,0.014417074
26.11,0.011552502
26.12,0.019691358
26.13,0.02063346
26.14,0.014178634
26.15,0.009526719
26.16,0.014477559
26.17,0.002031008
26.18,0.001186928
26.19,0.004345187
26.2,0.003705662
26.21,0.012468234
26.22,0.010432793
26.23,0.002399232
26.24,0.019967453
26.25,0.01193736
26.26,0.011108864
26.27,0.01588188
26.28,0.015656328
26.29,0.012632132
26.3,0.01620922
26.31,0.007387523
26.32,0.011166978
26.33,0.001147523
26.34,0.0161291
26.35,0.013711654
26.36,0.008495134
26.37,0.008679491
26.38,0.015664677
26.39,0.01365065
26.4,0.014037366
26.41,0.018424787
26.42,0.006012876
26.43,0.009601596
26.44,0.015590914
26.45,0.018180799
26.46,0.009771221
26.47,0.00536215
26.48,0.014753561
26.49,0.012345427
26.5,0.017137725
26.51,0.018330431
26.52,0.014723523
26.53,0.019516982
26.54,0.014510788
26.55,0.010104923
26.56,0.005099368
26.57,0.003294107
26.58,0.012889126
26.59,0.004684409
26.6,0.017679942
26.61,0.010275711
26.62,0.015671705
26.63,0.014467911
26.64,0.013464318
26.65,0.006060916
26.66,0.004857694
26.67,0.015654642
26.68,0.013451753
26.69,0.011249016
26.7,0.013646424
26.71,0.01504397
26.72,0.002241646
26.73,0.011839445
26.74,0.01923736
26.75,0.010635386
26.76,0.007433516
26.77,0.016031746
26.78,0.001430069
26.79,0.012228481
26.8,0.012826977
26.81,0.007825553
26.82,0.001024204
26.83,0.001422926
26.84,0.005421716
26.85,0.01462057
26.86,0.003419485
26.87,0.011418457
26.88,0.014017484
26.89,0.002616562
26.9,0.019815689
26.91,0.001014862
26.92,0.006614079
26.93,0.020013337
26.94,0.014612634
26.95,0.006211969
26.96,0.013611338
26.97,0.002810741
26.98,0.009610176
26.99,0.01340964
27,0.013209133
27.01,0.012808653
27.02,0.010008198
27.03,0.019207767
27.04,0.008007359
27.05,0.006206972
27.06,0.018806606
27.07,0.019806259
27.08,0.01860593
27.09,0.002405619
27.1,0.002205324
27.11,0.007605045
27.12,0.01560478
27.13,0.004604529
27.14,0.016204292
27.15,0.011404067
27.16,0.009203854
27.17,0.000403652
27.18,0.019603461
27.19,0.00820328
27.2,0.015403108
27.21,0.013602946
27.22,0.008202792
27.23,0.018002646
27.24,0.008202508
27.25,0.011202377
27.26,0.007002253
27.27,0.007202135
27.28,0.017202024
27.29,0.001401919
27.3,0.008001819
27.31,0.007401724
27.32,0.018201634
27.33,0.005401549
27.34,0.004201469
27.35,0.016601392
27.36,0.01160132
27.37,0.012201252
27.38,0.014201187
27.39,0.018001125
27.4,0.018401067
27.41,0.019001012
27.42,0.016200959
27.43,0.00680091
27.44,0.000600863
27.45,0.008800818
27.46,0.005400776
27.47,0.002800736
27.48,0.003400698
27.49,0.013200662
27.5,0.019000628
27.51,0.006000595
27.52,0.013400565
27.53,0.006800536
27.54,0.006800508
27.55,0.012600482
27.56,0.016600458
27.57,0.004800434
27.58,0.006400412
27.59,0.011400391
27.6,0.004000371
27.61,0.013800352
27.62,0.011800334
27.63,0.006600317
27.64,0.002200301
27.65,0.014400286
27.66,0.008800271
27.67,0.000600257
27.68,0.003000244
27.69,0.018000232
27.7,0.01460022
27.71,0.001600209
27.72,0.001200199
27.73,0.008400189
27.74,0.013400179
27.75,0.01300017
27.76,0.005200162
27.77,0.015800153
27.78,0.015600146
27.79,0.005000138
27.8,0.001600132
27.81,0.018800125
27.82,0.000600119
27.83,0.003600113
27.84,0.016000107
27.85,0.013600102
27.86,0.019800097
27.87,0.011000092
27.88,0.000400088
27.89,0.001600083
27.9,0.011400079
27.91,0.005800075
27.92,0.006200072
27.93,0.002600068
27.94,0.016400065
27.95,0.016600062
27.96,0.014800059
27.97,0.008000056
27.98,0.012800053
27.99,0.01360005
28,0.017000048
28.01,0.012600046
28.02,0.003200044
28.03,0.006400041
28.04,0.001400039
28.05,0.012400038
28.06,0.012000036
28.07,0.019800034
28.08,0.011600032
28.09,0.009400031
28.1,0.003000029
28.11,0.019000028
28.12,0.012400027
28.13,0.012600026
28.14,0.019400024
28.15,0.011400023
28.16,0.014400022
28.17,0.019600021
28.18,0.01920002
28.19,0.002600019
28.2,0.005800018
28.21,0.009000017
28.22,0.001400017
28.23,0.020000016
28.24,0.019400015
28.25,0.013400014
28.26,0.005400014
28.27,0.010600013
28.28,0.015200013
28.29,0.010200012
28.3,0.015200011
28.31,0.005400011
28.32,0.00500001
28.33,0.01320001
28.34,0.00460001
28.35,0.002800009
28.36,0.001000009
28.37,0.004000008
28.38,0.003000008
28.39,0.002400008
28.4,0.008200007
28.41,0.004000007
28.42,0.019800007
28.43,0.014200006
28.44,0.013800006
28.45,0.019600006
28.46,0.018400006
28.47,0.014600005
28.48,0.020000005
28.49,0.007600005
28.5,0.006800005
28.51,0.013000005
28.52,0.010600004
28.53,0.001400004
28.54,0.016800004
28.55,0.016800004
28.56,0.005200004
28.57,0.005000004
28.58,0.012800003
28.59,0.001600003
28.6,0.009800003
28.61,0.003600003
28.62,0.010800003
28.63,0.019200003
28.64,0.009400003
28.65,0.020000003
28.66,0.005800002
28.67,0.000400002
28.68,0.003800002
28.69,0.010000002
28.7,0.011200002
28.71,0.008200002
28.72,0.014800002
28.73,0.018400002
28.74,0.007200002
28.75,0.001800002
28.76,0.005000002
28.77,0.010400002
28.78,0.001200002
28.79,0.003800001
28.8,0.018200001
28.81,0.015600001
28.82,0.009400001
28.83,0.003800001
28.84,0.015600001
28.85,0.007800001
28.86,0.017600001
28.87,0.011200001
28.88,0.012200001
28.89,0.011200001
28.9,0.012800001
28.91,0.011000001
28.92,0.019800001
28.93,0.008600001
28.94,0.017200001
28.95,0.017800001
28.96,0.004000001
28.97,0.015600001
28.98,0.005600001
28.99,0.008600001
29,0.006400001
29.01,0.007800001
29.02,0.006200001
29.03,0.004200001
29.04,0.006400001
29.05,0.008000001
29.06,0.007800001
29.07,0.009800001
29.08,0.002600001
29.09,0.0056
29.1,0.0182
29.11,0.016
29.12,0.0156
29.13,0.0166
29.14,0.0042
29.15,0.0012
29.16,0.014600001
29.17,0.019200001
29.18,0.001600001
29.19,0.001000001
29.2,0.011000002
29.21,0.015400002
29.22,0.004000003
29.23,0.018600005
29.24,0.008800008
29.25,0.002200013
29.26,0.00080002
29.27,0.01180003
29.28,0.017800047
29.29,0.003000072
29.3,0.003200111
29.31,0.000800169
29.32,0.012400257
29.33,0.003600388
29.34,0.009600581
29.35,0.017200867
29.36,0.010001285
29.37,0.014001894
29.38,0.005002775
29.39,0.003204043
29.4,0.005205858
29.41,0.017008438
29.42,0.004412084
29.43,0.013217207
29.44,0.014824362
29.45,0.014634293
29.46,0.007447997
29.47,0.004466792
29.48,0.002292417
29.49,0.008327142
29.5,0.003173917
29.51,0.010236543
29.52,0.001719888
29.53,0.017630136
29.54,0.012575094
29.55,0.015764534
29.56,0.002210612
29.57,0.019128321
29.58,0.015936026
29.59,0.011056039
29.6,0.01571526
29.61,0.019345861
29.62,0.016586002
29.63,0.015480573
29.64,0.027281925
29.65,0.02465058
29.66,0.023055866
29.67,0.021576459
29.68,0.036500776
29.69,0.028927163
29.7,0.039763849
29.71,0.051928587
29.72,0.051747946
29.73,0.058156203
29.74,0.069093785
29.75,0.08130524
29.76,0.095736705
29.77,0.10033289
29.78,0.129233571
29.79,0.143169651
29.8,0.16145885
29.81,0.186801104
29.82,0.215873808
29.83,0.245527018
29.84,0.26077879
29.85,0.296210806
29.86,0.327964505
29.87,0.376937857
29.88,0.413783005
29.89,0.448904905
29.9,0.490461121
29.91,0.539762885
29.92,0.58647748
29.93,0.631831982
29.94,0.680018327
29.95,0.724999633
29.96,0.758717631
29.97,0.797901043
29.98,0.852274674
29.99,0.881368953
30,0.925529652
30.01,0.953727468
30.02,0.996967167
30.03,1.025896014
30.04,1.035411193
30.05,1.059066005
30.06,1.074874645
30.07,1.079115421
30.08,1.095932343
30.09,1.092135045
30.1,1.094797109
30.11,1.082252856
30.12,1.066892781
30.13,1.050957796
30.14,1.030932525
30.15,1.009537889
30.16,0.980923227
30.17,0.953058234
30.18,0.915924935
30.19,0.88930995
30.2,0.860997225
30.21,0.81156142
30.22,0.769962068
30.23,0.737938606
30.24,0.69820634
30.25,0.669853344
30.26,0.638538302
30.27,0.602489223
30.28,0.561102989
30.29,0.520345624
30.3,0.494553207
30.31,0.469433299
30.32,0.424066801
30.33,0.395310116
30.34,0.383197521
30.35,0.346143654
30.36,0.333746042
30.37,0.308187586
30.38,0.290438958
30.39,0.252660854
30.4,0.245206085
30.41,0.218221465
30.42,0.215849497
30.43,0.193029853
30.44,0.177900642
30.45,0.175799481
30.46,0.150464383
30.47,0.144434476
30.48,0.123250563
30.49,0.123855554
30.5,0.115194777
30.51,0.10781619
30.52,0.098070512
30.53,0.099711279
30.54,0.084494854
30.55,0.076180385
30.56,0.080929735
30.57,0.068107385
30.58,0.070080321
30.59,0.05561791
30.6,0.059491768
30.61,0.052875627
30.62,0.057545199
30.63,0.038878049
30.64,0.040653462
30.65,0.042052328
30.66,0.029057019
30.67,0.038851285
30.68,0.036620147
30.69,0.033349802
30.7,0.026627533
30.71,0.023441625
30.72,0.031381289
30.73,0.020236584
30.74,0.021798357
30.75,0.02405818
30.76,0.031408289
30.77,0.016241535
30.78,0.025151336
30.79,0.02573163
30.8,0.023376835
30.81,0.027881811
30.82,0.020641824
30.83,0.011652517
30.84,0.006509876
30.85,0.013210206
30.86,0.010950104
30.87,0.020726437
30.88,0.02453632
30.89,0.009177095
30.9,0.016046317
30.91,0.019541733
30.92,0.019261268
30.93,0.015803013
30.94,0.011165209
30.95,0.016546236
30.96,0.010344603
30.97,0.021558937
30.98,0.007987974
30.99,0.017430549
31,0.017685591
31.01,0.013352111
31.02,0.007429202
31.03,0.010316025
31.04,0.005811811
31.05,0.01871585
31.06,0.013827487
31.07,0.008946122
31.08,0.0188712
31.09,0.006602211
31.1,0.014738685
31.11,0.019080189
31.12,0.013426326
31.13,0.015776728
31.14,0.010131058
31.15,0.004889004
31.16,0.002050281
31.17,0.002214624
31.18,0.00438179
31.19,0.020351557
31.2,0.012123718
31.21,0.013498083
31.22,0.005074478
31.23,0.014052743
31.24,0.003032728
31.25,0.006414299
31.26,0.001797329
31.27,0.018781703
31.28,0.009167314
31.29,0.011554064
31.3,0.002141864
31.31,0.01933063
31.32,0.014720286
31.33,0.005510761
31.34,0.00250199
31.35,0.013293913
31.36,0.018086476
31.37,0.013079628
31.38,0.004473323
31.39,0.016667516
31.4,0.00986217
31.41,0.019857247
31.42,0.006652713
31.43,0.001848539
31.44,0.005244695
31.45,0.015241156
31.46,0.004037897
31.47,0.018034896
31.48,0.006832133
31.49,0.009229588
31.5,0.005027245
31.51,0.015425088
31.52,0.009823101
31.53,0.016421272
31.54,0.000419587
31.55,0.001818036
31.56,0.007016608
31.57,0.007415293
31.58,0.005214082
31.59,0.002812967
31.6,0.00221194
31.61,0.013410994
31.62,0.008010124
31.63,0.012209322
31.64,0.018808584
31.65,0.006407904
31.66,0.006807278
31.67,0.006406702
31.68,0.015806171
31.69,0.009205682
31.7,0.001005232
31.71,0.008804818
31.72,0.010804437
31.73,0.001004085
31.74,0.007403762
31.75,0.001803464
31.76,0.01980319
31.77,0.003802937
31.78,0.009602704
31.79,0.01020249
31.8,0.008002293
31.81,0.019002111
31.82,0.016401944
31.83,0.01180179
31.84,0.012401649
31.85,0.005201518
31.86,0.004401398
31.87,0.006001287
31.88,0.017601185
31.89,0.018601091
31.9,0.019201005
31.91,0.007600925
31.92,0.012600852
31.93,0.008000785
31.94,0.003200722
31.95,0.015600665
31.96,0.018000613
31.97,0.004000564
31.98,0.003200519
31.99,0.009000478
32,0.01080044
32.01,0.005200406
32.02,0.013000373
32.03,0.008600344
32.04,0.006200317
32.05,0.005400292
32.06,0.006200268
32.07,0.010000247
32.08,0.000400228
32.09,0.00240021
32.1,0.006600193
32.11,0.002200178
32.12,0.006400164
32.13,0.006400151
32.14,0.009000139
32.15,0.000800128
32.16,0.000200118
32.17,0.004600108
32.18,0.0098001
32.19,0.013800092
32.2,0.008000085
32.21,0.015800078
32.22,0.010800072
32.23,0.008600066
32.24,0.014200061
32.25,0.006000056
32.26,0.004000052
32.27,0.001800047
32.28,0.002600044
32.29,0.01200004
32.3,0.009200037
32.31,0.009800034
32.32,0.012200031
32.33,0.011800029
32.34,0.016600027
32.35,0.004600025
32.36,0.011400023
32.37,0.003000021
32.38,0.016800019
32.39,0.017000018
32.4,0.009200016
32.41,0.003800015
32.42,0.005600014
32.43,0.006400013
32.44,0.011400012
32.45,0.011800011
32.46,0.01120001
32.47,0.015000009
32.48,0.013200008
32.49,0.013000008
32.5,0.009800007
32.51,0.005200007
32.52,0.006600006
32.53,0.001200006
32.54,0.011800005
32.55,0.013000005
32.56,0.017800005
32.57,0.016600005
32.58,0.015800005
32.59,0.006800006
32.6,0.017400007
32.61,0.014800009
32.62,0.009800011
32.63,0.006400016
32.64,0.012000022
32.65,0.009800032
32.66,0.016800046
32.67,0.014400067
32.68,0.010800098
32.69,0.003600142
32.7,0.011000205
32.71,0.000600295
32.72,0.017200423
32.73,0.003800602
32.74,0.019600853
32.75,0.006001203
32.76,0.007201687
32.77,0.018602351
32.78,0.015003259
32.79,0.000804492
32.8,0.012206157
32.81,0.010808392
32.82,0.014411373
32.83,0.011615327
32.84,0.016620539
32.85,0.001827369
32.86,0.019036266
32.87,0.014047786
32.88,0.015262614
32.89,0.013081585
32.9,0.007505714
32.91,0.003336216
32.92,0.009774548
32.93,0.005022427
32.94,0.008481876
32.95,0.011755247
32.96,0.002645255
32.97,0.002355011
32.98,0.00708804
32.99,0.005648306
33,0.00124022
33.01,0.013468642
33.02,0.008738869
33.03,0.012656614
33.04,0.019627961
33.05,0.018859305
33.06,0.00355728
33.07,0.008328656
33.08,0.007780224
33.09,0.017318658
33.1,0.022750363
33.11,0.025281299
33.12,0.012716806
33.13,0.026261407
33.14,0.018118621
33.15,0.01729077
33.16,0.030778799
33.17,0.027582114
33.18,0.022498437
33.19,0.032523702
33.2,0.022851972
33.21,0.039875409
33.22,0.037784288
33.23,0.041167051
33.24,0.04101042
33.25,0.039499557
33.26,0.042418263
33.27,0.042349234
33.28,0.045474337
33.29,0.041374928
33.3,0.062232184
33.31,0.052227452
33.32,0.062742588
33.33,0.049760299
33.34,0.053864458
33.35,0.054040391
33.36,0.072875128
33.37,0.05755761
33.38,0.071478849
33.39,0.077032028
33.4,0.073212556
33.41,0.073618065
33.42,0.063848359
33.43,0.078105307
33.44,0.065992709
33.45,0.071116113
33.46,0.071282612
33.47,0.077100618
33.48,0.077579623
33.49,0.063329958
33.5,0.066362552
33.51,0.0666887
33.52,0.069719846
33.53,0.063867386
33.54,0.068142488
33.55,0.064555944
33.56,0.060718045
33.57,0.069638477
33.58,0.065926249
33.59,0.069589642
33.6,0.051636182
33.61,0.062272629
33.62,0.066504985
33.63,0.052938518
33.64,0.051977796
33.65,0.051426726
33.66,0.054688608
33.67,0.062166182
33.68,0.058061686
33.69,0.059776908
33.7,0.044113241
33.71,0.048071733
33.72,0.039053135
33.73,0.049457942
33.74,0.03728644
33.75,0.037938733
33.76,0.035414781
33.77,0.038514424
33.78,0.04063741
33.79,0.03618341
33.8,0.038152037
33.81,0.029342865
33.82,0.047755433
33.83,0.027989259
33.84,0.037643849
33.85,0.038918701
33.86,0.038813308
33.87,0.028327168
33.88,0.03205978
33.89,0.023210651
33.9,0.027379295
33.91,0.025165236
33.92,0.033368008
33.93,0.025787154
33.94,0.03282223
33.95,0.034472801
33.96,0.034338444
33.97,0.034618748
33.98,0.034313311
33.99,0.030421743
34,0.029943662
34.01,0.019078701
34.02,0.022026498
34.03,0.033386704
34.04,0.025758979
34.05,0.022742991
34.06,0.024138418
34.07,0.023744948
34.08,0.025762275
34.09,0.016190103
34.1,0.020428144
34.11,0.018476118
34.12,0.028733752
34.13,0.028000781
34.14,0.016676948
34.15,0.025162001
34.16,0.011855697
34.17,0.023157798
34.18,0.027068074
34.19,0.0243863
34.2,0.019712259
34.21,0.026045738
34.22,0.019186531
34.23,0.020534437
34.24,0.017089261
34.25,0.021250813
34.26,0.026618908
34.27,0.022793367
34.28,0.008774016
34.29,0.019360683
34.3,0.021553205
34.31,0.024351421
34.32,0.011755174
34.33,0.024764312
34.34,0.009178688
34.35,0.011798157
34.36,0.023822581
34.37,0.008051823
34.38,0.00808575
34.39,0.018124235
34.4,0.022967153
34.41,0.014814381
34.42,0.012865801
34.43,0.021121298
34.44,0.021780761
34.45,0.01044408
34.46,0.017511151
34.47,0.013181869
34.48,0.017056134
34.49,0.01373385
34.5,0.014414922
34.51,0.019299258
34.52,0.021786767
34.53,0.019677363
34.54,0.016970962
34.55,0.00786748
34.56,0.008366838
34.57,0.006268958
34.58,0.014173764
34.59,0.012281182
34.6,0.011791141
34.61,0.014103571
34.62,0.009818403
34.63,0.007935573
34.64,0.008055016
34.65,0.00817667
34.66,0.019700473
34.67,0.016026368
34.68,0.015154296
34.69,0.013084201
34.7,0.021016031
34.71,0.014749731
34.72,0.01288525
34.73,0.005022539
34.74,0.019761549
34.75,0.007702232
34.76,0.019844543
34.77,0.003988437
34.78,0.011533871
34.79,0.020280803
34.8,0.01122919
34.81,0.015978994
34.82,0.016730175
34.83,0.007282697
34.84,0.00203652
34.85,0.019191612
34.86,0.007947935
34.87,0.008305457
34.88,0.011464145
34.89,0.015023966
34.9,0.01818489
34.91,0.019546886
34.92,0.005109925
34.93,0.013873979
34.94,0.013639019
34.95,0.008005018
34.96,0.02017195
34.97,0.01893979
34.98,0.014508512
34.99,0.009478093
35,0.007248508
35.01,0.018219735
35.02,0.003791752
35.03,0.020164536
35.04,0.006338068
35.05,0.010112326
35.06,0.00388729
35.07,0.011662941
35.08,0.010039261
35.09,0.00681623
35.1,0.010993831
35.11,0.003172047
35.12,0.003350861
35.13,0.004330256
35.14,0.014910216
35.15,0.006090727
35.16,0.014871772
35.17,0.020653338
35.18,0.011035409
35.19,0.014217972
35.2,0.012201014
35.21,0.008784521
35.22,0.005568481
35.23,0.009152881
35.24,0.003337709
35.25,0.005122953
35.26,0.014108602
35.27,0.005494646
35.28,0.011681072
35.29,0.01046787
35.3,0.001855031
35.31,0.019242544
35.32,0.0026304
35.33,0.017818589
35.34,0.005607102
35.35,0.004795931
35.36,0.002385066
35.37,0.017774499
35.38,0.013164222
35.39,0.016354227
35.4,0.016344507
35.41,0.003335053
35.42,0.015725858
35.43,0.012316916
35.44,0.001508219
35.45,0.009899761
35.46,0.016291535
35.47,0.018483535
35.48,0.005275754
35.49,0.007668187
35.5,0.016860828
35.51,0.00565367
35.52,0.017446709
35.53,0.003439939
35.54,0.011633355
35.55,0.002626951
35.56,0.006820723
35.57,0.004014666
35.58,0.002608775
35.59,0.016403046
35.6,0.012597474
35.61,0.003392055
35.62,0.006986785
35.63,0.012181659
35.64,0.007776674
35.65,0.009971826
35.66,0.001967111
35.67,0.005962525
35.68,0.017758065
35.69,0.003153727
35.7,0.004549509
35.71,0.012145406
35.72,0.014741416
35.73,0.020137535
35.74,0.013133761
35.75,0.00633009
35.76,0.01532652
35.77,0.001123048
35.78,0.002119672
35.79,0.004716388
35.8,0.020113194
35.81,0.005310088
35.82,0.007707067
35.83,0.011904129
35.84,0.001101271
35.85,0.006098492
35.86,0.009695789
35.87,0.012093161
35.88,0.002490604
35.89,0.003288118
35.9,0.0186857
35.91,0.016483348
35.92,0.012081061
35.93,0.002478836
35.94,0.019276673
35.95,0.012874569
35.96,0.011672523
35.97,0.016070532
35.98,0.015468597
35.99,0.002066715
36,0.003264884
36.01,0.016263103
36.02,0.018661372
36.03,0.007059687
36.04,0.00385805
36.05,0.014256457
36.06,0.004054907
36.07,0.000253401
36.08,0.002851935
36.09,0.00525051
36.1,0.010849124
36.11,0.018047776
36.12,0.007646465
36.13,0.00144519
36.14,0.01164395
36.15,0.014642744
36.16,0.015841571
36.17,0.01744043
36.18,0.01383932
36.19,0.013438241
36.2,0.009637192
36.21,0.000836172
36.22,0.019235179
36.23,0.013034214
36.24,0.014433275
36.25,0.000432363
36.26,0.005831475
36.27,0.010830613
36.28,0.012629775
36.29,0.000628961
36.3,0.013028171
36.31,0.007827404
36.32,0.004226663
36.33,0.005625946
36.34,0.011825257
36.35,0.002824598
36.36,0.003423973
36.37,0.016023387
36.38,0.00042285
36.39,0.001222375
36.4,0.003621978
36.41,0.011421684
36.42,0.000221527
36.43,0.009421553
36.44,0.006221826
36.45,0.004622428
36.46,0.003823476
36.47,0.003625118
36.48,0.010827554
36.49,0.004831045
36.5,0.00503593
36.51,0.015442648
36.52,0.011251762
36.53,0.001063989
36.54,0.015880235
36.55,0.009701639
36.56,0.02012962
36.57,0.004565936
36.58,0.001412741
36.59,0.019672665
36.6,0.001348888
36.61,0.019045223
36.62,0.010566214
36.63,0.014717223
36.64,0.006304531
36.65,0.020535433
36.66,0.003818324
36.67,0.015562782
36.68,0.009579631
36.69,0.01628099
36.7,0.019280286
36.71,0.01219224
36.72,0.008232816
36.73,0.014419117
36.74,0.017769234
36.75,0.009702035
36.76,0.012236901
36.77,0.020393393
36.78,0.022390863
36.79,0.032048003
36.8,0.019582352
36.81,0.027609744
36.82,0.034343741
36.83,0.043595038
36.84,0.033970877
36.85,0.035874469
36.86,0.046704474
36.87,0.058454526
36.88,0.056712853
36.89,0.060461997
36.9,0.071478664
36.91,0.075733698
36.92,0.073992223
36.93,0.08601393
36.94,0.105153528
36.95,0.104761341
36.96,0.112784065
36.97,0.12156563
36.98,0.129648189
36.99,0.120973168
37,0.12688238
37.01,0.142719146
37.02,0.151829402
37.03,0.140962756
37.04,0.144673457
37.05,0.14792126
37.06,0.156072142
37.07,0.162498871
37.08,0.170581396
37.09,0.174307059
37.1,0.178270628
37.11,0.178674152
37.12,0.180326651
37.13,0.162243656
37.14,0.168646628
37.15,0.166562257
37.16,0.168821705
37.17,0.154859774
37.18,0.170714066
37.19,0.155824141
37.2,0.160830692
37.21,0.159174772
37.22,0.148297085
37.23,0.135837348
37.24,0.147633738
37.25,0.142922439
37.26,0.136937272
37.27,0.118709424
37.28,0.129467264
37.29,0.11803624
37.3,0.106038853
37.31,0.121094689
37.32,0.101220516
37.33,0.104230415
37.34,0.10793595
37.35,0.098946363
37.36,0.086268783
37.37,0.080108443
37.38,0.091668897
37.39,0.082352236
37.4,0.07475929
37.41,0.08248982
37.42,0.073742699
37.43,0.061716068
37.44,0.062807485
37.45,0.066014048
37.46,0.05593251
37.47,0.050559369
37.48,0.051690955
37.49,0.050323491
37.5,0.044253154
37.51,0.055076115
37.52,0.056388578
37.53,0.044986808
37.54,0.052867152
37.55,0.040626052
37.56,0.051460061
37.57,0.042765847
37.58,0.047540201
37.59,0.035380034
37.6,0.044482382
37.61,0.033244405
37.62,0.024663382
37.63,0.028936708
37.64,0.041261895
37.65,0.026636565
37.66,0.024458445
37.67,0.035125367
37.68,0.030635258
37.69,0.022386143
37.7,0.022976134
37.71,0.017803432
37.72,0.03346632
37.73,0.022163157
37.74,0.019092382
37.75,0.027652502
37.76,0.028442095
37.77,0.028059803
37.78,0.030304332
37.79,0.020374445
37.8,0.020268965
37.81,0.017586767
37.82,0.01132678
37.83,0.016287979
37.84,0.02526939
37.85,0.02667008
37.86,0.011689163
37.87,0.027325791
37.88,0.017579156
37.89,0.014048487
37.9,0.011733049
37.91,0.010832139
37.92,0.00774509
37.93,0.006471262
37.94,0.016010046
37.95,0.013960862
37.96,0.017723156
37.97,0.014496398
37.98,0.009880084
37.99,0.019673734
38,0.017476889
38.01,0.01728911
38.02,0.01190998
38.03,0.010139101
38.04,0.023176092
38.05,0.012820592
38.06,0.018472254
38.07,0.010130748
38.08,0.01159576
38.09,0.02166699
38.1,0.015144151
38.11,0.019626969
38.12,0.010315185
38.13,0.01100855
38.14,0.016706826
38.15,0.003409788
38.16,0.019317219
38.17,0.002828914
38.18,0.015544676
38.19,0.015264318
38.2,0.016587662
38.21,0.009114536
38.22,0.004444778
38.23,0.020178233
38.24,0.017114754
38.25,0.003654198
38.26,0.018796431
38.27,0.015741325
38.28,0.007288757
38.29,0.006838611
38.3,0.017790774
38.31,0.00374514
38.32,0.014301609
38.33,0.001860082
38.34,0.019220468
38.35,0.003982679
38.36,0.01474663
38.37,0.003712241
38.38,0.014279437
38.39,0.001648143
38.4,0.019818291
38.41,0.000989814
38.42,0.014762648
38.43,0.018936734
38.44,0.010512013
38.45,0.011688431
38.46,0.015065935
38.47,0.007044475
38.48,0.020224003
38.49,0.019004475
38.5,0.006985846
38.51,0.018168074
38.52,0.017951122
38.53,0.01413495
38.54,0.010119523
38.55,0.001104807
38.56,0.014890768
38.57,0.009277376
38.58,0.006664601
38.59,0.007052414
38.6,0.017240789
38.61,0.007229699
38.62,0.01901912
38.63,0.012209028
38.64,0.006599401
38.65,0.014390217
38.66,0.019381456
38.67,0.002173099
38.68,0.004365127
38.69,0.009757522
38.7,0.006950267
38.71,0.013743346
38.72,0.018536744
38.73,0.000330446
38.74,0.019524438
38.75,0.014318707
38.76,0.00771324
38.77,0.001508025
38.78,0.00210305
38.79,0.005298304
38.8,0.002493776
38.81,0.002489457
38.82,0.004285337
38.83,0.015481407
38.84,0.016077658
38.85,0.017674082
38.86,0.00927067
38.87,0.005267415
38.88,0.00686431
38.89,0.016261349
38.9,0.001258523
38.91,0.008855828
38.92,0.005053257
38.93,0.000850804
38.94,0.016048464
38.95,0.002046232
38.96,0.006044103
38.97,0.000442072
38.98,0.016840135
38.99,0.017638286
39,0.008836523
39.01,0.000434841
39.02,0.016833237
39.03,0.019831706
39.04,0.013030246
39.05,0.003828853
39.06,0.012027524
39.07,0.015826257
39.08,0.006825048
39.09,0.010423894
39.1,0.001022794
39.11,0.011021744
39.12,0.002420743
39.13,0.002819788
39.14,0.007818876
39.15,0.015618007
39.16,0.011417178
39.17,0.007616387
39.18,0.016215632
39.19,0.011214912
39.2,0.004814226
39.21,0.007013571
39.22,0.006012946
39.23,0.00501235
39.24,0.017611781
39.25,0.006211238
39.26,0.016810721
39.27,0.012810227
39.28,0.002009756
39.29,0.014409307
39.3,0.018208878
39.31,0.00100847
39.32,0.00180808
39.33,0.002607708
39.34,0.016207353
39.35,0.017207014
39.36,0.011206691
39.37,0.009806383
39.38,0.006806089
39.39,0.001405809
39.4,0.004805541
39.41,0.018005286
39.42,0.003005043
39.43,0.007804811
39.44,0.004804589
39.45,0.014404378
39.46,0.011004176
39.47,0.019603984
39.48,0.015003801
39.49,0.003403626
39.5,0.011803459
39.51,0.006403299
39.52,0.002003148
39.53,0.004203003
39.54,0.013602864
39.55,0.010802733
39.56,0.006402607
39.57,0.002002487
39.58,0.009602372
39.59,0.018602263
39.6,0.007802159
39.61,0.003802059
39.62,0.004401965
39.63,0.007801874
39.64,0.002001788
39.65,0.015801706
39.66,0.007401627
39.67,0.018601552
39.68,0.008601481
39.69,0.019001413
39.7,0.001001348
39.71,0.006001286
39.72,0.009401226
39.73,0.01900117
39.74,0.014201116
39.75,0.002601065
39.76,0.010201016
39.77,0.015200969
39.78,0.000200924
39.79,0.002400882
39.8,0.016400841
39.81,0.017800803
39.82,0.004200766
39.83,0.01880073
39.84,0.015000697
39.85,0.011400665
39.86,0.003800634
39.87,0.004800605
39.88,0.004600577
39.89,0.008400551
39.9,0.018000525
39.91,0.005000501
39.92,0.011400478
39.93,0.007200456
39.94,0.001000435
39.95,0.019000415
39.96,0.000400396
39.97,0.000200378
39.98,0.01500036
39.99,0.003800344
40,0.007600328
40.01,0.011600313
40.02,0.004600298
40.03,0.000800285
40.04,0.001400272
40.05,0.020000259
40.06,0.007400247
40.07,0.007200236
40.08,0.019600225
40.09,0.012400215
40.1,0.005600205
40.11,0.014800195
40.12,0.000200186
40.13,0.008000178
40.14,0.01280017
40.15,0.007600162
40.16,0.004600154
40.17,0.010600147
40.18,0.01400014
40.19,0.012400134
40.2,0.006200128
40.21,0.014200122
40.22,0.013200116
40.23,0.018800111
40.24,0.010200106
40.25,0.000800101
40.26,0.003400096
40.27,0.013000092
40.28,0.011400088
40.29,0.005200084
40.3,0.01700008
40.31,0.016200076
40.32,0.013600073
40.33,0.000200069
40.34,0.008400066
40.35,0.015800063
40.36,0.01440006
40.37,0.017400057
40.38,0.009600055
40.39,0.000800052
40.4,0.00680005
40.41,0.007400048
40.42,0.018800045
40.43,0.011600043
40.44,0.005800041
40.45,0.006600039
40.46,0.010000038
40.47,0.007800036
40.48,0.015600034
40.49,0.004600033
40.5,0.015400031
40.51,0.01480003
40.52,0.000600028
40.53,0.010800027
40.54,0.001400026
40.55,0.008000025
40.56,0.000400024
40.57,0.002600022
40.58,0.012400021
40.59,0.01140002
40.6,0.003000019
40.61,0.004400019
40.62,0.009200018
40.63,0.015800017
40.64,0.014600016
40.65,0.011800015
40.66,0.006200015
40.67,0.000800014
40.68,0.004000013
40.69,0.001200013
40.7,0.019600012
40.71,0.011800012
40.72,0.009000011
40.73,0.013400011
40.74,0.00980001
40.75,0.01480001
40.76,0.015400009
40.77,0.001200009
40.78,0.003000008
40.79,0.019400008
40.8,0.016400008
40.81,0.019000007
40.82,0.006200007
40.83,0.006000007
40.84,0.003200006
40.85,0.012200006
40.86,0.016200006
40.87,0.009200005
40.88,0.012800005
40.89,0.013000005
40.9,0.006000005
40.91,0.008800005
40.92,0.018600004
40.93,0.019800004
40.94,0.019600004
40.95,0.003000004
40.96,0.004200004
40.97,0.015400003
40.98,0.010600003
40.99,0.007800003
41,0.011200003
41.01,0.010000003
41.02,0.013600003
41.03,0.004200003
41.04,0.007800002
41.05,0.001600002
41.06,0.002400002
41.07,0.012200002
41.08,0.000600002
41.09,0.005000002
41.1,0.005200002
41.11,0.020000002
41.12,0.018200002
41.13,0.003200002
41.14,0.004800002
41.15,0.019600001
41.16,0.011200001
41.17,0.004800001
41.18,0.012000001
41.19,0.008600001
41.2,0.004600001
41.21,0.017400001
41.22,0.012400001
41.23,0.009600001
41.24,0.001600001
41.25,0.014200001
41.26,0.007400001
41.27,0.006800001
41.28,0.018200001
41.29,0.011600001
41.3,0.011600001
41.31,0.017600001
41.32,0.015000001
41.33,0.001000001
41.34,0.019800001
41.35,0.015000001
41.36,0.007800001
41.37,0.018400001
41.38,0.005800001
41.39,0.003
41.4,0.0024
41.41,0.0158
41.42,0.0026
41.43,0.0028
41.44,0.0082
41.45,0.0096
41.46,0.0064
41.47,0.0034
41.48,0.0026
41.49,0.002
41.5,0.0044
41.51,0.0174
41.52,0.0092
41.53,0.0046
41.54,0.0056
41.55,0.011
41.56,0.0116
41.57,0.0148
41.58,0.019
41.59,0.019
41.6,0.0052
41.61,0.0126
41.62,0.01
41.63,0.0124
41.64,0.0174
41.65,0.0038
41.66,0.001
41.67,0.0156
41.68,0.0166
41.69,0.0028
41.7,0.0176
41.71,0.0086
41.72,0.0072
41.73,0.0048
41.74,0.014
41.75,0.0148
41.76,0.0188
41.77,0.016
41.78,0.0064
41.79,0.0052
41.8,0.0164
41.81,0.0032
41.82,0.0142
41.83,0.0066
41.84,0.0032
41.85,0.0128
41.86,0.0126
41.87,0.0116
41.88,0.01
41.89,0.0178
41.9,0.0046
41.91,0.0022
41.92,0.013
41.93,0.0176
41.94,0.0098
41.95,0.0142
41.96,0.0092
41.97,0.003
41.98,0.006
41.99,0.007
42,0.0078
